AÑO,ENTIDAD,CLAVE MARCO GEOESTADISTICO NAL,MODALIDAD,TIPO,SUBTIPO,TOTAL_ANUAL
2015,AGUASCALIENTES,01,ROBO COMUN,SIN VIOLENCIA,A CASA HABITACION,2494
2015,BAJA CALIFORNIA,02,ROBO COMUN,SIN VIOLENCIA,A CASA HABITACION,12225
2015,BAJA CALIFORNIA SUR,03,ROBO COMUN,SIN VIOLENCIA,A CASA HABITACION,2462
2015,CAMPECHE,04,ROBO COMUN,SIN VIOLENCIA,A CASA HABITACION,119
2015,CHIAPAS,07,ROBO COMUN,SIN VIOLENCIA,A CASA HABITACION,378
2015,CHIHUAHUA,08,ROBO COMUN,SIN VIOLENCIA,A CASA HABITACION,2929
2015,COAHUILA,05,ROBO COMUN,SIN VIOLENCIA,A CASA HABITACION,3741
2015,COLIMA,06,ROBO COMUN,SIN VIOLENCIA,A CASA HABITACION,1063
2015,CIUDAD DE MEXICO,09,ROBO COMUN,SIN VIOLENCIA,A CASA HABITACION,5023
2015,DURANGO,10,ROBO COMUN,SIN VIOLENCIA,A CASA HABITACION,2581
2015,GUANAJUATO,11,ROBO COMUN,SIN VIOLENCIA,A CASA HABITACION,4230
2015,GUERRERO,12,ROBO COMUN,SIN VIOLENCIA,A CASA HABITACION,559
2015,HIDALGO,13,ROBO COMUN,SIN VIOLENCIA,A CASA HABITACION,1970
2015,JALISCO,14,ROBO COMUN,SIN VIOLENCIA,A CASA HABITACION,4432
2015,MEXICO,15,ROBO COMUN,SIN VIOLENCIA,A CASA HABITACION,4491
2015,MICHOACAN,16,ROBO COMUN,SIN VIOLENCIA,A CASA HABITACION,1736
2015,MORELOS,17,ROBO COMUN,SIN VIOLENCIA,A CASA HABITACION,2253
2015,NAYARIT,18,ROBO COMUN,SIN VIOLENCIA,A CASA HABITACION,352
2015,NUEVO LEON,19,ROBO COMUN,SIN VIOLENCIA,A CASA HABITACION,2664
2015,OAXACA,20,ROBO COMUN,SIN VIOLENCIA,A CASA HABITACION,1077
2015,PUEBLA,21,ROBO COMUN,SIN VIOLENCIA,A CASA HABITACION,2263
2015,QUERETARO,22,ROBO COMUN,SIN VIOLENCIA,A CASA HABITACION,2314
2015,QUINTANA ROO,23,ROBO COMUN,SIN VIOLENCIA,A CASA HABITACION,3104
2015,SAN LUIS POTOSI,24,ROBO COMUN,SIN VIOLENCIA,A CASA HABITACION,554
2015,SINALOA,25,ROBO COMUN,SIN VIOLENCIA,A CASA HABITACION,517
2015,SONORA,26,ROBO COMUN,SIN VIOLENCIA,A CASA HABITACION,796
2015,TABASCO,27,ROBO COMUN,SIN VIOLENCIA,A CASA HABITACION,2576
2015,TAMAULIPAS,28,ROBO COMUN,SIN VIOLENCIA,A CASA HABITACION,3392
2015,TLAXCALA,29,ROBO COMUN,SIN VIOLENCIA,A CASA HABITACION,1067
2015,VERACRUZ,30,ROBO COMUN,SIN VIOLENCIA,A CASA HABITACION,2229
2015,YUCATAN,31,ROBO COMUN,SIN VIOLENCIA,A CASA HABITACION,2537
2015,ZACATECAS,32,ROBO COMUN,SIN VIOLENCIA,A CASA HABITACION,606
